--SECUENCIA VALORACION
CREATE SEQUENCE valoracion_id_seq;

--SECUENCIA REGION
CREATE SEQUENCE region_id_seq;

--SECUENCIA COMUNA
CREATE SEQUENCE comuna_id_seq;

--SECUENCIA CATEGORIA
CREATE SEQUENCE categoria_id_seq;

--SECUENCIA MARCA
CREATE SEQUENCE marca_id_seq;

--SECUENCIA SUCURSAL
CREATE SEQUENCE sucursal_id_seq;

--SECUENCIA OFERTA
CREATE SEQUENCE oferta_id_seq;

--SECUENCIA EVALUACION
CREATE SEQUENCE evaluacion_id_seq;

--VALORACION
INSERT INTO valoracion VALUES(valoracion_id_seq.NEXTVAL,'Excelente');
INSERT INTO valoracion VALUES(valoracion_id_seq.NEXTVAL,'Buena');
INSERT INTO valoracion VALUES(valoracion_id_seq.NEXTVAL,'Mala');

--REGION
INSERT INTO region VALUES(region_id_seq.NEXTVAL,'Región de Arica y Parinacota');
INSERT INTO region VALUES(region_id_seq.NEXTVAL,'Región de Tarapacá');
INSERT INTO region VALUES(region_id_seq.NEXTVAL,'Región de Antofagasta');
INSERT INTO region VALUES(region_id_seq.NEXTVAL,'Región de Atacama');
INSERT INTO region VALUES(region_id_seq.NEXTVAL,'Región de Coquimbo');
INSERT INTO region VALUES(region_id_seq.NEXTVAL,'Región de Valparaíso');
INSERT INTO region VALUES(region_id_seq.NEXTVAL,'Región Metropolitana de Santiago');
INSERT INTO region VALUES(region_id_seq.NEXTVAL,'Región del Libertador General Bernardo O''Higgins');
INSERT INTO region VALUES(region_id_seq.NEXTVAL,'Región del Maule');
INSERT INTO region VALUES(region_id_seq.NEXTVAL,'Región de Ñuble');
INSERT INTO region VALUES(region_id_seq.NEXTVAL,'Región del Biobío');
INSERT INTO region VALUES(region_id_seq.NEXTVAL,'Región de La Araucanía');
INSERT INTO region VALUES(region_id_seq.NEXTVAL,'Región de Los Ríos');
INSERT INTO region VALUES(region_id_seq.NEXTVAL,'Región de Los Lagos');
INSERT INTO region VALUES(region_id_seq.NEXTVAL,'Región de Aysén del General Carlos Ibáñez del Campo');
INSERT INTO region VALUES(region_id_seq.NEXTVAL,'Región de Magallanes y de la Antártica Chilena');

--COMUNA
INSERT INTO comuna VALUES (comuna_id_seq.NEXTVAL, 'Algarrobo', 6);
INSERT INTO comuna VALUES (comuna_id_seq.NEXTVAL, 'Alhué', 7);
INSERT INTO comuna VALUES (comuna_id_seq.NEXTVAL, 'Alto Biobío', 11);
INSERT INTO comuna VALUES (comuna_id_seq.NEXTVAL, 'Alto del Carmen', 4);
INSERT INTO comuna VALUES (comuna_id_seq.NEXTVAL, 'Alto Hospicio', 2);
INSERT INTO comuna VALUES (comuna_id_seq.NEXTVAL, 'Ancud', 14);
INSERT INTO comuna VALUES (comuna_id_seq.NEXTVAL, 'Andacollo', 5);
INSERT INTO comuna VALUES (comuna_id_seq.NEXTVAL, 'Angol', 12);
INSERT INTO comuna VALUES (comuna_id_seq.NEXTVAL, 'Antártica', 16);
INSERT INTO comuna VALUES (comuna_id_seq.NEXTVAL, 'Antofagasta', 3);
INSERT INTO comuna VALUES (comuna_id_seq.NEXTVAL, 'Antuco', 11);
INSERT INTO comuna VALUES (comuna_id_seq.NEXTVAL, 'Arauco', 11);
INSERT INTO comuna VALUES (comuna_id_seq.NEXTVAL, 'Arica', 1);
INSERT INTO comuna VALUES (comuna_id_seq.NEXTVAL, 'Aysén', 15);
INSERT INTO comuna VALUES (comuna_id_seq.NEXTVAL, 'Buin', 7);
INSERT INTO comuna VALUES (comuna_id_seq.NEXTVAL, 'Bulnes', 10);
INSERT INTO comuna VALUES (comuna_id_seq.NEXTVAL, 'Cabildo', 6);
INSERT INTO comuna VALUES (comuna_id_seq.NEXTVAL, 'Cabo de Hornos', 16);
INSERT INTO comuna VALUES (comuna_id_seq.NEXTVAL, 'Cabrero', 11);
INSERT INTO comuna VALUES (comuna_id_seq.NEXTVAL, 'Calama', 3);
INSERT INTO comuna VALUES (comuna_id_seq.NEXTVAL, 'Calbuco', 14);
INSERT INTO comuna VALUES (comuna_id_seq.NEXTVAL, 'Caldera', 4);
INSERT INTO comuna VALUES (comuna_id_seq.NEXTVAL, 'Calera de Tango', 7);
INSERT INTO comuna VALUES (comuna_id_seq.NEXTVAL, 'Calle Larga', 6);
INSERT INTO comuna VALUES (comuna_id_seq.NEXTVAL, 'Camarones', 1);
INSERT INTO comuna VALUES (comuna_id_seq.NEXTVAL, 'Camiña', 2);
INSERT INTO comuna VALUES (comuna_id_seq.NEXTVAL, 'Canela', 5);
INSERT INTO comuna VALUES (comuna_id_seq.NEXTVAL, 'Cañete', 11);
INSERT INTO comuna VALUES (comuna_id_seq.NEXTVAL, 'Carahue', 12);
INSERT INTO comuna VALUES (comuna_id_seq.NEXTVAL, 'Cartagena', 6);
INSERT INTO comuna VALUES (comuna_id_seq.NEXTVAL, 'Casablanca', 6);
INSERT INTO comuna VALUES (comuna_id_seq.NEXTVAL, 'Castro', 14);
INSERT INTO comuna VALUES (comuna_id_seq.NEXTVAL, 'Catemu', 6);
INSERT INTO comuna VALUES (comuna_id_seq.NEXTVAL, 'Cauquenes', 9);
INSERT INTO comuna VALUES (comuna_id_seq.NEXTVAL, 'Cerrillos', 7);
INSERT INTO comuna VALUES (comuna_id_seq.NEXTVAL, 'Cerro Navia', 7);
INSERT INTO comuna VALUES (comuna_id_seq.NEXTVAL, 'Chaitén', 14);
INSERT INTO comuna VALUES (comuna_id_seq.NEXTVAL, 'Chanco', 9);
INSERT INTO comuna VALUES (comuna_id_seq.NEXTVAL, 'Chañaral', 4);
INSERT INTO comuna VALUES (comuna_id_seq.NEXTVAL, 'Chépica', 8);
INSERT INTO comuna VALUES (comuna_id_seq.NEXTVAL, 'Chiguayante', 11);
INSERT INTO comuna VALUES (comuna_id_seq.NEXTVAL, 'Chile Chico', 15);
INSERT INTO comuna VALUES (comuna_id_seq.NEXTVAL, 'Chillán', 10);
INSERT INTO comuna VALUES (comuna_id_seq.NEXTVAL, 'Chillán Viejo', 10);
INSERT INTO comuna VALUES (comuna_id_seq.NEXTVAL, 'Chimbarongo', 8);
INSERT INTO comuna VALUES (comuna_id_seq.NEXTVAL, 'Chol Chol', 12);
INSERT INTO comuna VALUES (comuna_id_seq.NEXTVAL, 'Chonchi', 14);
INSERT INTO comuna VALUES (comuna_id_seq.NEXTVAL, 'Cisnes', 15);
INSERT INTO comuna VALUES (comuna_id_seq.NEXTVAL, 'Cobquecura', 10);
INSERT INTO comuna VALUES (comuna_id_seq.NEXTVAL, 'Cochamó', 14);
INSERT INTO comuna VALUES (comuna_id_seq.NEXTVAL, 'Cochrane', 15);
INSERT INTO comuna VALUES (comuna_id_seq.NEXTVAL, 'Codegua', 8);
INSERT INTO comuna VALUES (comuna_id_seq.NEXTVAL, 'Coelemu', 10);
INSERT INTO comuna VALUES (comuna_id_seq.NEXTVAL, 'Coihueco', 10);
INSERT INTO comuna VALUES (comuna_id_seq.NEXTVAL, 'Coinco', 8);
INSERT INTO comuna VALUES (comuna_id_seq.NEXTVAL, 'Colbún', 9);
INSERT INTO comuna VALUES (comuna_id_seq.NEXTVAL, 'Colchane', 2);
INSERT INTO comuna VALUES (comuna_id_seq.NEXTVAL, 'Colina', 7);
INSERT INTO comuna VALUES (comuna_id_seq.NEXTVAL, 'Collipulli', 12);
INSERT INTO comuna VALUES (comuna_id_seq.NEXTVAL, 'Coltauco', 8);
INSERT INTO comuna VALUES (comuna_id_seq.NEXTVAL, 'Combarbalá', 5);
INSERT INTO comuna VALUES (comuna_id_seq.NEXTVAL, 'Concepción', 11);
INSERT INTO comuna VALUES (comuna_id_seq.NEXTVAL, 'Conchalí', 7);
INSERT INTO comuna VALUES (comuna_id_seq.NEXTVAL, 'Concón', 6);
INSERT INTO comuna VALUES (comuna_id_seq.NEXTVAL, 'Constitución', 9);
INSERT INTO comuna VALUES (comuna_id_seq.NEXTVAL, 'Contulmo', 11);
INSERT INTO comuna VALUES (comuna_id_seq.NEXTVAL, 'Copiapó', 4);
INSERT INTO comuna VALUES (comuna_id_seq.NEXTVAL, 'Coquimbo', 5);
INSERT INTO comuna VALUES (comuna_id_seq.NEXTVAL, 'Coronel', 11);
INSERT INTO comuna VALUES (comuna_id_seq.NEXTVAL, 'Corral', 13);
INSERT INTO comuna VALUES (comuna_id_seq.NEXTVAL, 'Coyhaique', 15);
INSERT INTO comuna VALUES (comuna_id_seq.NEXTVAL, 'Cunco', 12);
INSERT INTO comuna VALUES (comuna_id_seq.NEXTVAL, 'Curacautín', 12);
INSERT INTO comuna VALUES (comuna_id_seq.NEXTVAL, 'Curacaví', 7);
INSERT INTO comuna VALUES (comuna_id_seq.NEXTVAL, 'Curaco de Vélez', 14);
INSERT INTO comuna VALUES (comuna_id_seq.NEXTVAL, 'Curanilahue', 11);
INSERT INTO comuna VALUES (comuna_id_seq.NEXTVAL, 'Curarrehue', 12);
INSERT INTO comuna VALUES (comuna_id_seq.NEXTVAL, 'Curepto', 9);
INSERT INTO comuna VALUES (comuna_id_seq.NEXTVAL, 'Curicó', 9);
INSERT INTO comuna VALUES (comuna_id_seq.NEXTVAL, 'Dalcahue', 14);
INSERT INTO comuna VALUES (comuna_id_seq.NEXTVAL, 'Diego de Almagro', 4);
INSERT INTO comuna VALUES (comuna_id_seq.NEXTVAL, 'Doñihue', 8);
INSERT INTO comuna VALUES (comuna_id_seq.NEXTVAL, 'El Bosque', 7);
INSERT INTO comuna VALUES (comuna_id_seq.NEXTVAL, 'El Carmen', 10);
INSERT INTO comuna VALUES (comuna_id_seq.NEXTVAL, 'El Monte', 7);
INSERT INTO comuna VALUES (comuna_id_seq.NEXTVAL, 'El Quisco', 7);
INSERT INTO comuna VALUES (comuna_id_seq.NEXTVAL, 'El Tabo', 6);
INSERT INTO comuna VALUES (comuna_id_seq.NEXTVAL, 'Empedrado', 9);
INSERT INTO comuna VALUES (comuna_id_seq.NEXTVAL, 'Ercilla', 12);
INSERT INTO comuna VALUES (comuna_id_seq.NEXTVAL, 'Estación Central', 7);
INSERT INTO comuna VALUES (comuna_id_seq.NEXTVAL, 'Florida', 11);
INSERT INTO comuna VALUES (comuna_id_seq.NEXTVAL, 'Freire', 12);
INSERT INTO comuna VALUES (comuna_id_seq.NEXTVAL, 'Freirina', 4);
INSERT INTO comuna VALUES (comuna_id_seq.NEXTVAL, 'Fresia', 14);
INSERT INTO comuna VALUES (comuna_id_seq.NEXTVAL, 'Frutillar', 14);
INSERT INTO comuna VALUES (comuna_id_seq.NEXTVAL, 'Futaleufú', 14);
INSERT INTO comuna VALUES (comuna_id_seq.NEXTVAL, 'Futrono', 13);
INSERT INTO comuna VALUES (comuna_id_seq.NEXTVAL, 'Galvarino', 12);
INSERT INTO comuna VALUES (comuna_id_seq.NEXTVAL, 'General Lagos', 1);
INSERT INTO comuna VALUES (comuna_id_seq.NEXTVAL, 'Gorbea', 12);
INSERT INTO comuna VALUES (comuna_id_seq.NEXTVAL, 'Graneros', 8);
INSERT INTO comuna VALUES (comuna_id_seq.NEXTVAL, 'Guaitecas', 15);
INSERT INTO comuna VALUES (comuna_id_seq.NEXTVAL, 'Hijuelas', 6);
INSERT INTO comuna VALUES (comuna_id_seq.NEXTVAL, 'Hualaihué', 14);
INSERT INTO comuna VALUES (comuna_id_seq.NEXTVAL, 'Hualañé', 9);
INSERT INTO comuna VALUES (comuna_id_seq.NEXTVAL, 'Hualpén', 11);
INSERT INTO comuna VALUES (comuna_id_seq.NEXTVAL, 'Hualqui', 11);
INSERT INTO comuna VALUES (comuna_id_seq.NEXTVAL, 'Huara', 2);
INSERT INTO comuna VALUES (comuna_id_seq.NEXTVAL, 'Huasco', 4);
INSERT INTO comuna VALUES (comuna_id_seq.NEXTVAL, 'Huechuraba', 7);
INSERT INTO comuna VALUES (comuna_id_seq.NEXTVAL, 'Illapel', 5);
INSERT INTO comuna VALUES (comuna_id_seq.NEXTVAL, 'Independencia', 7);
INSERT INTO comuna VALUES (comuna_id_seq.NEXTVAL, 'Iquique', 2);
INSERT INTO comuna VALUES (comuna_id_seq.NEXTVAL, 'Isla de Maipo', 7);
INSERT INTO comuna VALUES (comuna_id_seq.NEXTVAL, 'Isla de Pascua', 6);
INSERT INTO comuna VALUES (comuna_id_seq.NEXTVAL, 'Juan Fernández', 6);
INSERT INTO comuna VALUES (comuna_id_seq.NEXTVAL, 'La Calera', 6);
INSERT INTO comuna VALUES (comuna_id_seq.NEXTVAL, 'La Cisterna', 7);
INSERT INTO comuna VALUES (comuna_id_seq.NEXTVAL, 'La Cruz', 6);
INSERT INTO comuna VALUES (comuna_id_seq.NEXTVAL, 'La Estrella', 8);
INSERT INTO comuna VALUES (comuna_id_seq.NEXTVAL, 'La Florida', 7);
INSERT INTO comuna VALUES (comuna_id_seq.NEXTVAL, 'La Granja', 7);
INSERT INTO comuna VALUES (comuna_id_seq.NEXTVAL, 'La Higuera', 5);
INSERT INTO comuna VALUES (comuna_id_seq.NEXTVAL, 'La Ligua', 6);
INSERT INTO comuna VALUES (comuna_id_seq.NEXTVAL, 'La Pintana', 7);
INSERT INTO comuna VALUES (comuna_id_seq.NEXTVAL, 'La Reina', 7);
INSERT INTO comuna VALUES (comuna_id_seq.NEXTVAL, 'La Serena', 5);
INSERT INTO comuna VALUES (comuna_id_seq.NEXTVAL, 'La Unión', 13);
INSERT INTO comuna VALUES (comuna_id_seq.NEXTVAL, 'Lago Ranco', 13);
INSERT INTO comuna VALUES (comuna_id_seq.NEXTVAL, 'Lago Verde', 15);
INSERT INTO comuna VALUES (comuna_id_seq.NEXTVAL, 'Laguna Blanca', 16);
INSERT INTO comuna VALUES (comuna_id_seq.NEXTVAL, 'Laja', 11);
INSERT INTO comuna VALUES (comuna_id_seq.NEXTVAL, 'Lampa', 7);
INSERT INTO comuna VALUES (comuna_id_seq.NEXTVAL, 'Lanco', 13);
INSERT INTO comuna VALUES (comuna_id_seq.NEXTVAL, 'Las Cabras', 8);
INSERT INTO comuna VALUES (comuna_id_seq.NEXTVAL, 'Las Condes', 7);
INSERT INTO comuna VALUES (comuna_id_seq.NEXTVAL, 'Lautaro', 12);
INSERT INTO comuna VALUES (comuna_id_seq.NEXTVAL, 'Lebu', 11);
INSERT INTO comuna VALUES (comuna_id_seq.NEXTVAL, 'Licantén', 9);
INSERT INTO comuna VALUES (comuna_id_seq.NEXTVAL, 'Limache', 6);
INSERT INTO comuna VALUES (comuna_id_seq.NEXTVAL, 'Linares', 9);
INSERT INTO comuna VALUES (comuna_id_seq.NEXTVAL, 'Litueche', 8);
INSERT INTO comuna VALUES (comuna_id_seq.NEXTVAL, 'Llanquihue', 14);
INSERT INTO comuna VALUES (comuna_id_seq.NEXTVAL, 'Llay Llay', 6);
INSERT INTO comuna VALUES (comuna_id_seq.NEXTVAL, 'Lo Barnechea', 7);
INSERT INTO comuna VALUES (comuna_id_seq.NEXTVAL, 'Lo Espejo', 7);
INSERT INTO comuna VALUES (comuna_id_seq.NEXTVAL, 'Lo Prado', 7);
INSERT INTO comuna VALUES (comuna_id_seq.NEXTVAL, 'Lolol', 8);
INSERT INTO comuna VALUES (comuna_id_seq.NEXTVAL, 'Loncoche', 12);
INSERT INTO comuna VALUES (comuna_id_seq.NEXTVAL, 'Longaví', 9);
INSERT INTO comuna VALUES (comuna_id_seq.NEXTVAL, 'Lonquimay', 12);
INSERT INTO comuna VALUES (comuna_id_seq.NEXTVAL, 'Los Álamos', 11);
INSERT INTO comuna VALUES (comuna_id_seq.NEXTVAL, 'Los Andes', 6);
INSERT INTO comuna VALUES (comuna_id_seq.NEXTVAL, 'Los Ángeles', 11);
INSERT INTO comuna VALUES (comuna_id_seq.NEXTVAL, 'Los Lagos', 13);
INSERT INTO comuna VALUES (comuna_id_seq.NEXTVAL, 'Los Muermos', 14);
INSERT INTO comuna VALUES (comuna_id_seq.NEXTVAL, 'Los Sauces', 12);
INSERT INTO comuna VALUES (comuna_id_seq.NEXTVAL, 'Los Vilos', 5);
INSERT INTO comuna VALUES (comuna_id_seq.NEXTVAL, 'Lota', 11);
INSERT INTO comuna VALUES (comuna_id_seq.NEXTVAL, 'Lumaco', 12);
INSERT INTO comuna VALUES (comuna_id_seq.NEXTVAL, 'Machalí', 8);
INSERT INTO comuna VALUES (comuna_id_seq.NEXTVAL, 'Macul', 7);
INSERT INTO comuna VALUES (comuna_id_seq.NEXTVAL, 'Máfil', 13);
INSERT INTO comuna VALUES (comuna_id_seq.NEXTVAL, 'Maipú', 7);
INSERT INTO comuna VALUES (comuna_id_seq.NEXTVAL, 'Malloa', 8);
INSERT INTO comuna VALUES (comuna_id_seq.NEXTVAL, 'Marchigüe', 8);
INSERT INTO comuna VALUES (comuna_id_seq.NEXTVAL, 'María Elena', 3);
INSERT INTO comuna VALUES (comuna_id_seq.NEXTVAL, 'María Pinto', 7);
INSERT INTO comuna VALUES (comuna_id_seq.NEXTVAL, 'Mariquina', 13);
INSERT INTO comuna VALUES (comuna_id_seq.NEXTVAL, 'Maule', 9);
INSERT INTO comuna VALUES (comuna_id_seq.NEXTVAL, 'Maullín', 14);
INSERT INTO comuna VALUES (comuna_id_seq.NEXTVAL, 'Mejillones', 3);
INSERT INTO comuna VALUES (comuna_id_seq.NEXTVAL, 'Melipeuco', 12);
INSERT INTO comuna VALUES (comuna_id_seq.NEXTVAL, 'Melipilla', 7);
INSERT INTO comuna VALUES (comuna_id_seq.NEXTVAL, 'Molina', 9);
INSERT INTO comuna VALUES (comuna_id_seq.NEXTVAL, 'Monte Patria', 5);
INSERT INTO comuna VALUES (comuna_id_seq.NEXTVAL, 'Mostazal', 8);
INSERT INTO comuna VALUES (comuna_id_seq.NEXTVAL, 'Mulchén', 11);
INSERT INTO comuna VALUES (comuna_id_seq.NEXTVAL, 'Nacimiento', 11);
INSERT INTO comuna VALUES (comuna_id_seq.NEXTVAL, 'Nancagua', 8);
INSERT INTO comuna VALUES (comuna_id_seq.NEXTVAL, 'Navidad', 8);
INSERT INTO comuna VALUES (comuna_id_seq.NEXTVAL, 'Negrete', 11);
INSERT INTO comuna VALUES (comuna_id_seq.NEXTVAL, 'Ninhue', 10);
INSERT INTO comuna VALUES (comuna_id_seq.NEXTVAL, 'Nogales', 6);
INSERT INTO comuna VALUES (comuna_id_seq.NEXTVAL, 'Nueva Imperial', 12);
INSERT INTO comuna VALUES (comuna_id_seq.NEXTVAL, 'Ñiquén', 10);
INSERT INTO comuna VALUES (comuna_id_seq.NEXTVAL, 'Ñuñoa', 7);
INSERT INTO comuna VALUES (comuna_id_seq.NEXTVAL, 'O''Higgins', 15);
INSERT INTO comuna VALUES (comuna_id_seq.NEXTVAL, 'Olivar', 8);
INSERT INTO comuna VALUES (comuna_id_seq.NEXTVAL, 'Ollagüe', 3);
INSERT INTO comuna VALUES (comuna_id_seq.NEXTVAL, 'Olmué', 6);
INSERT INTO comuna VALUES (comuna_id_seq.NEXTVAL, 'Osorno', 14);
INSERT INTO comuna VALUES (comuna_id_seq.NEXTVAL, 'Ovalle', 5);
INSERT INTO comuna VALUES (comuna_id_seq.NEXTVAL, 'Padre Hurtado', 7);
INSERT INTO comuna VALUES (comuna_id_seq.NEXTVAL, 'Padre Las Casas', 12);
INSERT INTO comuna VALUES (comuna_id_seq.NEXTVAL, 'Paihuano', 5);
INSERT INTO comuna VALUES (comuna_id_seq.NEXTVAL, 'Paillaco', 13);
INSERT INTO comuna VALUES (comuna_id_seq.NEXTVAL, 'Paine', 7);
INSERT INTO comuna VALUES (comuna_id_seq.NEXTVAL, 'Palena', 14);
INSERT INTO comuna VALUES (comuna_id_seq.NEXTVAL, 'Palmilla', 8);
INSERT INTO comuna VALUES (comuna_id_seq.NEXTVAL, 'Panguipulli', 13);
INSERT INTO comuna VALUES (comuna_id_seq.NEXTVAL, 'Panquehue', 6);
INSERT INTO comuna VALUES (comuna_id_seq.NEXTVAL, 'Papudo', 6);
INSERT INTO comuna VALUES (comuna_id_seq.NEXTVAL, 'Paredones', 8);
INSERT INTO comuna VALUES (comuna_id_seq.NEXTVAL, 'Parral', 9);
INSERT INTO comuna VALUES (comuna_id_seq.NEXTVAL, 'Pedro Aguirre Cerda', 7);
INSERT INTO comuna VALUES (comuna_id_seq.NEXTVAL, 'Pelarco', 9);
INSERT INTO comuna VALUES (comuna_id_seq.NEXTVAL, 'Pelluhue', 9);
INSERT INTO comuna VALUES (comuna_id_seq.NEXTVAL, 'Pemuco', 10);
INSERT INTO comuna VALUES (comuna_id_seq.NEXTVAL, 'Pencahue', 9);
INSERT INTO comuna VALUES (comuna_id_seq.NEXTVAL, 'Penco', 11);
INSERT INTO comuna VALUES (comuna_id_seq.NEXTVAL, 'Peñaflor', 7);
INSERT INTO comuna VALUES (comuna_id_seq.NEXTVAL, 'Peñalolén', 7);
INSERT INTO comuna VALUES (comuna_id_seq.NEXTVAL, 'Peralillo', 8);
INSERT INTO comuna VALUES (comuna_id_seq.NEXTVAL, 'Perquenco', 12);
INSERT INTO comuna VALUES (comuna_id_seq.NEXTVAL, 'Petorca', 6);
INSERT INTO comuna VALUES (comuna_id_seq.NEXTVAL, 'Peumo', 8);
INSERT INTO comuna VALUES (comuna_id_seq.NEXTVAL, 'Pica', 2);
INSERT INTO comuna VALUES (comuna_id_seq.NEXTVAL, 'Pichidegua', 8);
INSERT INTO comuna VALUES (comuna_id_seq.NEXTVAL, 'Pichilemu', 8);
INSERT INTO comuna VALUES (comuna_id_seq.NEXTVAL, 'Pinto', 10);
INSERT INTO comuna VALUES (comuna_id_seq.NEXTVAL, 'Pirque', 7);
INSERT INTO comuna VALUES (comuna_id_seq.NEXTVAL, 'Pitrufquén', 12);
INSERT INTO comuna VALUES (comuna_id_seq.NEXTVAL, 'Placilla', 8);
INSERT INTO comuna VALUES (comuna_id_seq.NEXTVAL, 'Portezuelo', 10);
INSERT INTO comuna VALUES (comuna_id_seq.NEXTVAL, 'Porvenir', 16);
INSERT INTO comuna VALUES (comuna_id_seq.NEXTVAL, 'Pozo Almonte', 2);
INSERT INTO comuna VALUES (comuna_id_seq.NEXTVAL, 'Primavera', 16);
INSERT INTO comuna VALUES (comuna_id_seq.NEXTVAL, 'Providencia', 7);
INSERT INTO comuna VALUES (comuna_id_seq.NEXTVAL, 'Puchuncaví', 6);
INSERT INTO comuna VALUES (comuna_id_seq.NEXTVAL, 'Pucón', 12);
INSERT INTO comuna VALUES (comuna_id_seq.NEXTVAL, 'Pudahuel', 7);
INSERT INTO comuna VALUES (comuna_id_seq.NEXTVAL, 'Puente Alto', 7);
INSERT INTO comuna VALUES (comuna_id_seq.NEXTVAL, 'Puerto Montt', 14);
INSERT INTO comuna VALUES (comuna_id_seq.NEXTVAL, 'Puerto Natales', 16);
INSERT INTO comuna VALUES (comuna_id_seq.NEXTVAL, 'Puerto Octay', 14);
INSERT INTO comuna VALUES (comuna_id_seq.NEXTVAL, 'Puerto Varas', 14);
INSERT INTO comuna VALUES (comuna_id_seq.NEXTVAL, 'Pumanque', 8);
INSERT INTO comuna VALUES (comuna_id_seq.NEXTVAL, 'Punitaqui', 5);
INSERT INTO comuna VALUES (comuna_id_seq.NEXTVAL, 'Punta Arenas', 16);
INSERT INTO comuna VALUES (comuna_id_seq.NEXTVAL, 'Puqueldón', 14);
INSERT INTO comuna VALUES (comuna_id_seq.NEXTVAL, 'Purén', 12);
INSERT INTO comuna VALUES (comuna_id_seq.NEXTVAL, 'Purranque', 14);
INSERT INTO comuna VALUES (comuna_id_seq.NEXTVAL, 'Putaendo', 6);
INSERT INTO comuna VALUES (comuna_id_seq.NEXTVAL, 'Putre', 1);
INSERT INTO comuna VALUES (comuna_id_seq.NEXTVAL, 'Puyehue', 14);
INSERT INTO comuna VALUES (comuna_id_seq.NEXTVAL, 'Quellén', 14);
INSERT INTO comuna VALUES (comuna_id_seq.NEXTVAL, 'Quellón', 14);
INSERT INTO comuna VALUES (comuna_id_seq.NEXTVAL, 'Quemchi', 14);
INSERT INTO comuna VALUES (comuna_id_seq.NEXTVAL, 'Quilaco', 11);
INSERT INTO comuna VALUES (comuna_id_seq.NEXTVAL, 'Quilicura', 7);
INSERT INTO comuna VALUES (comuna_id_seq.NEXTVAL, 'Quilleco', 11);
INSERT INTO comuna VALUES (comuna_id_seq.NEXTVAL, 'Quillón', 10);
INSERT INTO comuna VALUES (comuna_id_seq.NEXTVAL, 'Quillota', 6);
INSERT INTO comuna VALUES (comuna_id_seq.NEXTVAL, 'Quilpué', 6);
INSERT INTO comuna VALUES (comuna_id_seq.NEXTVAL, 'Quinchao', 14);
INSERT INTO comuna VALUES (comuna_id_seq.NEXTVAL, 'Quinta de Tilcoco', 8);
INSERT INTO comuna VALUES (comuna_id_seq.NEXTVAL, 'Quinta Normal', 7);
INSERT INTO comuna VALUES (comuna_id_seq.NEXTVAL, 'Quintero', 6);
INSERT INTO comuna VALUES (comuna_id_seq.NEXTVAL, 'Quirihue', 10);
INSERT INTO comuna VALUES (comuna_id_seq.NEXTVAL, 'Rancagua', 8);
INSERT INTO comuna VALUES (comuna_id_seq.NEXTVAL, 'Ránquil', 10);
INSERT INTO comuna VALUES (comuna_id_seq.NEXTVAL, 'Rauco', 9);
INSERT INTO comuna VALUES (comuna_id_seq.NEXTVAL, 'Recoleta', 7);
INSERT INTO comuna VALUES (comuna_id_seq.NEXTVAL, 'Renaico', 12);
INSERT INTO comuna VALUES (comuna_id_seq.NEXTVAL, 'Renca', 7);
INSERT INTO comuna VALUES (comuna_id_seq.NEXTVAL, 'Rengo', 8);
INSERT INTO comuna VALUES (comuna_id_seq.NEXTVAL, 'Requínoa', 8);
INSERT INTO comuna VALUES (comuna_id_seq.NEXTVAL, 'Retiro', 9);
INSERT INTO comuna VALUES (comuna_id_seq.NEXTVAL, 'Rinconada', 6);
INSERT INTO comuna VALUES (comuna_id_seq.NEXTVAL, 'Río Bueno', 13);
INSERT INTO comuna VALUES (comuna_id_seq.NEXTVAL, 'Río Claro', 9);
INSERT INTO comuna VALUES (comuna_id_seq.NEXTVAL, 'Río Hurtado', 5);
INSERT INTO comuna VALUES (comuna_id_seq.NEXTVAL, 'Río Ibáñez', 15);
INSERT INTO comuna VALUES (comuna_id_seq.NEXTVAL, 'Río Negro', 14);
INSERT INTO comuna VALUES (comuna_id_seq.NEXTVAL, 'Río Verde', 16);
INSERT INTO comuna VALUES (comuna_id_seq.NEXTVAL, 'Romeral', 9);
INSERT INTO comuna VALUES (comuna_id_seq.NEXTVAL, 'Saavedra', 12);
INSERT INTO comuna VALUES (comuna_id_seq.NEXTVAL, 'Sagrada Familia', 9);
INSERT INTO comuna VALUES (comuna_id_seq.NEXTVAL, 'Salamanca', 5);
INSERT INTO comuna VALUES (comuna_id_seq.NEXTVAL, 'San Antonio', 6);
INSERT INTO comuna VALUES (comuna_id_seq.NEXTVAL, 'San Bernardo', 7);
INSERT INTO comuna VALUES (comuna_id_seq.NEXTVAL, 'San Carlos', 10);
INSERT INTO comuna VALUES (comuna_id_seq.NEXTVAL, 'San Clemente', 9);
INSERT INTO comuna VALUES (comuna_id_seq.NEXTVAL, 'San Esteban', 6);
INSERT INTO comuna VALUES (comuna_id_seq.NEXTVAL, 'San Fabián', 10);
INSERT INTO comuna VALUES (comuna_id_seq.NEXTVAL, 'San Felipe', 6);
INSERT INTO comuna VALUES (comuna_id_seq.NEXTVAL, 'San Fernando', 8);
INSERT INTO comuna VALUES (comuna_id_seq.NEXTVAL, 'San Gregorio', 16);
INSERT INTO comuna VALUES (comuna_id_seq.NEXTVAL, 'San Ignacio', 10);
INSERT INTO comuna VALUES (comuna_id_seq.NEXTVAL, 'San Javier', 9);
INSERT INTO comuna VALUES (comuna_id_seq.NEXTVAL, 'San Joaquín', 7);
INSERT INTO comuna VALUES (comuna_id_seq.NEXTVAL, 'San José de Maipo', 7);
INSERT INTO comuna VALUES (comuna_id_seq.NEXTVAL, 'San Juan de la Costa', 14);
INSERT INTO comuna VALUES (comuna_id_seq.NEXTVAL, 'San Miguel', 7);
INSERT INTO comuna VALUES (comuna_id_seq.NEXTVAL, 'San Nicolás', 10);
INSERT INTO comuna VALUES (comuna_id_seq.NEXTVAL, 'San Pablo', 14);
INSERT INTO comuna VALUES (comuna_id_seq.NEXTVAL, 'San Pedro', 7);
INSERT INTO comuna VALUES (comuna_id_seq.NEXTVAL, 'San Pedro de Atacama', 3);
INSERT INTO comuna VALUES (comuna_id_seq.NEXTVAL, 'San Pedro de la Paz', 11);
INSERT INTO comuna VALUES (comuna_id_seq.NEXTVAL, 'San Rafael', 9);
INSERT INTO comuna VALUES (comuna_id_seq.NEXTVAL, 'San Ramón', 7);
INSERT INTO comuna VALUES (comuna_id_seq.NEXTVAL, 'San Rosendo', 11);
INSERT INTO comuna VALUES (comuna_id_seq.NEXTVAL, 'San Vicente de Tagua Tagua', 8);
INSERT INTO comuna VALUES (comuna_id_seq.NEXTVAL, 'Santa Bárbara', 11);
INSERT INTO comuna VALUES (comuna_id_seq.NEXTVAL, 'Santa Cruz', 8);
INSERT INTO comuna VALUES (comuna_id_seq.NEXTVAL, 'Santa Juana', 11);
INSERT INTO comuna VALUES (comuna_id_seq.NEXTVAL, 'Santa María', 6);
INSERT INTO comuna VALUES (comuna_id_seq.NEXTVAL, 'Santiago', 7);
INSERT INTO comuna VALUES (comuna_id_seq.NEXTVAL, 'Santo Domingo', 6);
INSERT INTO comuna VALUES (comuna_id_seq.NEXTVAL, 'Sierra Gorda', 3);
INSERT INTO comuna VALUES (comuna_id_seq.NEXTVAL, 'Talagante', 7);
INSERT INTO comuna VALUES (comuna_id_seq.NEXTVAL, 'Talca', 9);
INSERT INTO comuna VALUES (comuna_id_seq.NEXTVAL, 'Talcahuano', 11);
INSERT INTO comuna VALUES (comuna_id_seq.NEXTVAL, 'Taltal', 3);
INSERT INTO comuna VALUES (comuna_id_seq.NEXTVAL, 'Temuco', 12);
INSERT INTO comuna VALUES (comuna_id_seq.NEXTVAL, 'Teno', 9);
INSERT INTO comuna VALUES (comuna_id_seq.NEXTVAL, 'Teodoro Schmidt', 12);
INSERT INTO comuna VALUES (comuna_id_seq.NEXTVAL, 'Tierra Amarilla', 4);
INSERT INTO comuna VALUES (comuna_id_seq.NEXTVAL, 'Tiltil', 7);
INSERT INTO comuna VALUES (comuna_id_seq.NEXTVAL, 'Timaukel', 16);
INSERT INTO comuna VALUES (comuna_id_seq.NEXTVAL, 'Tirúa', 11);
INSERT INTO comuna VALUES (comuna_id_seq.NEXTVAL, 'Tocopilla', 3);
INSERT INTO comuna VALUES (comuna_id_seq.NEXTVAL, 'Toltén', 12);
INSERT INTO comuna VALUES (comuna_id_seq.NEXTVAL, 'Tomé', 11);
INSERT INTO comuna VALUES (comuna_id_seq.NEXTVAL, 'Torres del Paine', 16);
INSERT INTO comuna VALUES (comuna_id_seq.NEXTVAL, 'Tortel', 15);
INSERT INTO comuna VALUES (comuna_id_seq.NEXTVAL, 'Traiguén', 12);
INSERT INTO comuna VALUES (comuna_id_seq.NEXTVAL, 'Trehuaco', 10);
INSERT INTO comuna VALUES (comuna_id_seq.NEXTVAL, 'Tucapel', 11);
INSERT INTO comuna VALUES (comuna_id_seq.NEXTVAL, 'Valdivia', 13);
INSERT INTO comuna VALUES (comuna_id_seq.NEXTVAL, 'Vallenar', 4);
INSERT INTO comuna VALUES (comuna_id_seq.NEXTVAL, 'Valparaíso', 6);
INSERT INTO comuna VALUES (comuna_id_seq.NEXTVAL, 'Vichuquén', 9);
INSERT INTO comuna VALUES (comuna_id_seq.NEXTVAL, 'Victoria', 12);
INSERT INTO comuna VALUES (comuna_id_seq.NEXTVAL, 'Vicuña', 5);
INSERT INTO comuna VALUES (comuna_id_seq.NEXTVAL, 'Vilcún', 12);
INSERT INTO comuna VALUES (comuna_id_seq.NEXTVAL, 'Villa Alegre', 9);
INSERT INTO comuna VALUES (comuna_id_seq.NEXTVAL, 'Villa Alemana', 6);
INSERT INTO comuna VALUES (comuna_id_seq.NEXTVAL, 'Villarica', 12);
INSERT INTO comuna VALUES (comuna_id_seq.NEXTVAL, 'Viña del Mar', 6);
INSERT INTO comuna VALUES (comuna_id_seq.NEXTVAL, 'Vitacura', 7);
INSERT INTO comuna VALUES (comuna_id_seq.NEXTVAL, 'Yerbas Buenas', 9);
INSERT INTO comuna VALUES (comuna_id_seq.NEXTVAL, 'Yumbel', 11);
INSERT INTO comuna VALUES (comuna_id_seq.NEXTVAL, 'Yungay', 10);
INSERT INTO comuna VALUES (comuna_id_seq.NEXTVAL, 'Zapallar', 6);

--CATEGORIA
INSERT INTO categoria VALUES (categoria_id_seq.NEXTVAL, 'Alimentos');
INSERT INTO categoria VALUES (categoria_id_seq.NEXTVAL, 'Electrónica');
INSERT INTO categoria VALUES (categoria_id_seq.NEXTVAL, 'Línea Blanca');
INSERT INTO categoria VALUES (categoria_id_seq.NEXTVAL, 'Vestuario');

--MARCA
INSERT INTO marca VALUES (marca_id_seq.NEXTVAL, 'Coca-Cola');
INSERT INTO marca VALUES (marca_id_seq.NEXTVAL, 'Evercrisp');
INSERT INTO marca VALUES (marca_id_seq.NEXTVAL, 'Colun');
INSERT INTO marca VALUES (marca_id_seq.NEXTVAL, 'Costa');
INSERT INTO marca VALUES (marca_id_seq.NEXTVAL, 'Nestlé');
INSERT INTO marca VALUES (marca_id_seq.NEXTVAL, 'Samsung');
INSERT INTO marca VALUES (marca_id_seq.NEXTVAL, 'Motorola');
INSERT INTO marca VALUES (marca_id_seq.NEXTVAL, 'Intel');
INSERT INTO marca VALUES (marca_id_seq.NEXTVAL, 'Dell');
INSERT INTO marca VALUES (marca_id_seq.NEXTVAL, 'Huawei');
INSERT INTO marca VALUES (marca_id_seq.NEXTVAL, 'Adidas');
INSERT INTO marca VALUES (marca_id_seq.NEXTVAL, 'Americanino');
INSERT INTO marca VALUES (marca_id_seq.NEXTVAL, 'Lee');
INSERT INTO marca VALUES (marca_id_seq.NEXTVAL, 'Nike');
INSERT INTO marca VALUES (marca_id_seq.NEXTVAL, 'Arrow');
INSERT INTO marca VALUES (marca_id_seq.NEXTVAL, 'Oster');
INSERT INTO marca VALUES (marca_id_seq.NEXTVAL, 'Mabe');
INSERT INTO marca VALUES (marca_id_seq.NEXTVAL, 'Daewoo');
INSERT INTO marca VALUES (marca_id_seq.NEXTVAL, 'Bosch');
INSERT INTO marca VALUES (marca_id_seq.NEXTVAL, 'Fensa');

--GERENTE
INSERT INTO gerente VALUES ('10453579-4', 'Lucas', 'Mauricio', 'Valenzuela', 'González', 'paswordlucas', 1);

--ADMINISTRADOR
INSERT INTO administrador VALUES ('14589367-3', 'Jorge', 'Luis', 'Mancilla', 'Monsalve', 'lospojos', 1);

--CONSUMIDOR
INSERT INTO consumidor VALUES ('17791284-0', 'Oliver', 'Addi', 'Díaz', 'Concha', 'oliverdiaz8@gmail.com', '1234567890', 100, 1, 1, 338);
INSERT INTO consumidor VALUES ('12049627-1', 'Catalina', 'Alexandra', 'Cortez', 'Fernandez', 'ccortez@gmail.com', 'larry', 0, 1, 1, 330);
INSERT INTO consumidor VALUES ('13445335-4', 'Arturo', NULL, 'Fuentes', 'Galaz', 'afuentes@gmail.com', 'amnesia25', 0, 1, 1, 87);
INSERT INTO consumidor VALUES ('18436853-K', 'Alejandra', 'Elizabeth', 'Díaz', 'Flores', 'adiaz@gmail.com', 'abril06', 0, 1, 1, 134);
INSERT INTO consumidor VALUES ('10367432-3', 'Xiomara', 'Andrea', 'López', 'Toro', 'xtoro@gmail.com', 'pelusa99', 500, 1, 1, 306);
INSERT INTO consumidor VALUES ('14535684-9', 'Rodrigo', 'Alejandro', 'Yañez', 'Rebolledo', 'ryanez@gmail.com', '75468xd', 0, 1, 1, 263);
INSERT INTO consumidor VALUES ('13536467-4', 'Julio', 'Mario', 'Herníquez', 'Oyarzún', 'jherniquez@gmail.com', 'ellucho1', 50, 1, 1, 252);
INSERT INTO consumidor VALUES ('13335642-2', 'Jorge', 'Luis', 'Montero', 'Ramírez', 'jmontero@gmail.com', 'mitsubishi', 30, 1, 1, 252);

--RETAIL
INSERT INTO retail VALUES ('82982300-4', 'ABCDIN');
INSERT INTO retail VALUES ('90749000-9', 'FALABELLA');
INSERT INTO retail VALUES ('93834000-5', 'JUMBO');
INSERT INTO retail VALUES ('96874030-K', 'LA POLAR');
INSERT INTO retail VALUES ('96439000-2', 'LIDER');
INSERT INTO retail VALUES ('83274300-3', 'PARIS');
INSERT INTO retail VALUES ('7645497-8', 'PROVIMARKET');
INSERT INTO retail VALUES ('99530250-0', 'RIPLEY');
INSERT INTO retail VALUES ('84671700-5', 'SANTA ISABEL');
INSERT INTO retail VALUES ('78627210-6', 'TOTTUS');

--SUCURSAL
INSERT INTO sucursal VALUES (sucursal_id_seq.NEXTVAL, 'Mobile Viña', 'Avenida Benidorm 961', 338, '82982300-4');
INSERT INTO sucursal VALUES (sucursal_id_seq.NEXTVAL, 'Mobile Valparaíso', 'Av. Argentina 602', 330, '82982300-4');
INSERT INTO sucursal VALUES (sucursal_id_seq.NEXTVAL, 'Viña Centro', 'Calle Valparaíso 444', 338, '82982300-4');
INSERT INTO sucursal VALUES (sucursal_id_seq.NEXTVAL, 'Pedro Montt', 'Pedro Montt 2010', 330, '82982300-4');
INSERT INTO sucursal VALUES (sucursal_id_seq.NEXTVAL, 'Sucre', 'Plaza Sucre 290', 338, '99530250-0');
INSERT INTO sucursal VALUES (sucursal_id_seq.NEXTVAL, 'Mall Marina Arauco', 'Av. Libertad 1348', 338, '99530250-0');
INSERT INTO sucursal VALUES (sucursal_id_seq.NEXTVAL, 'Valparaíso', 'Plaza Victoria 1646', 330, '99530250-0');

-- ENCARGADO
INSERT INTO encargado VALUES ('10356467-5', 'Johanna', 'Cristina', 'Silva', 'Lobos', 'pass123', 1, '82982300-4');
INSERT INTO encargado VALUES ('8395839-1', 'Ana', 'Margarita', 'Soto', 'Gatica', 'cgato', 1, '99530250-0');
INSERT INTO encargado VALUES ('15785367-8', 'Oscar',NULL , 'Dominguez', 'González', 'dominguez123', 1, '82982300-4');

-- PRODUCTO
INSERT INTO producto VALUES ('362697', 'Coca-Cola 2.5L', 'Bebida sabor cola de 2.5 litros, desechable.', 1, 1);
INSERT INTO producto VALUES ('615750', 'Ramitas de queso', 'Ramitas sabor queso, bolsa de 270 gramos.', 1, 2);
INSERT INTO producto VALUES ('263559', 'Leche Entera', 'Leche natural entera marca Colun, caja 1 litro.', 1, 3);
INSERT INTO producto VALUES ('1116391', 'Samsung S8 Plus', 'Celular Samsung S8 Plus, color negro, open.', 2, 6);
INSERT INTO producto VALUES ('1125192', 'Audífonos Samsung Level', 'Audífonos bluetooth Samsung, modelo Level Active.', 1, 6);

-- OFERTA
INSERT INTO oferta VALUES (oferta_id_seq.NEXTVAL, 'Coca-Cola + Ramitas', 'Pack Coca-Cola 2.5L + Ramitas sabor queso de 270 gramos.', '24/09/18', '30/09/18', 2490, 3140, 1, 5, 1,'10356467-5');
INSERT INTO oferta VALUES (oferta_id_seq.NEXTVAL, 'Samsung S8 Plus + BT', 'Celular Samsung S8 Plus más audífonos Level Active', '24/09/18', '30/09/18', 829990, 549990, 1, 2, 1,'10356467-5');

-- OFERTA_PRODUCTO
INSERT INTO oferta_producto VALUES ('362697',1);
INSERT INTO oferta_producto VALUES ('615750',1);
INSERT INTO oferta_producto VALUES ('1116391',2);
INSERT INTO oferta_producto VALUES ('1125192',2);